Build ID	Build / character plan	Honor status	Role	Final split	Class progression	Starting abilities	Core play pattern	Important caveat	Primary source
SB-A1	Act 1 Swords Bard Archer	Supported starter	Ranged damage, skills, dialogue	Swords Bard 6, then transition to SB-1011	Levels 1-6: Bard (College of Swords at 3)	STR 8, DEX 16, CON 14, INT 10, WIS 10, CHA 16	Dual hand crossbows early; use Slashing Flourish (Ranged) to remove priority targets; preserve Bardic Inspiration before dangerous fights	The linked EIP page contains almost no progression text. Levels 1-6 below are an assistant-curated safe Act 1 bridge, clearly not attributed to the sparse page	https://eip.gg/bg3/builds/swords-bard-archer-act-1/
SB-102	10/2 Smite Swords Bard	Honor-ready	Melee burst and control	Vengeance Paladin 2 / Swords Bard 10	Levels 1-6: Bard → level 7 respec to Paladin 1 / Bard 6 → level 8 Paladin 2 → levels 9-12 Bard	STR 17, DEX 10, CON 14, INT 8, WIS 8, CHA 16; respec DEX down after Gloves of Dexterity	Control with Hold Person or Command, then guaranteed critical Divine Smites; use Defensive Flourish when exposed	Glass cannon; needs spell slots, positioning, and restraint with GWM before attack accuracy is reliable	https://www.reddit.com/r/BG3Builds/comments/18pxoy9/honor_mode_102_smite_swords_bard_ssb_complete/
SB-1011	10/1/1 Control Martial	Honor-ready	Ranged damage and near-unresistable control	Fighter 1 / Wizard 1 / Swords Bard 10	Levels 1-7: Bard → level 8 respec to Fighter 1 / Wizard 1 / Bard 6 → levels 9-12 Bard	STR 8, DEX 16, CON 14, INT 10, WIS 10, CHA 16; at level 8 respec to STR 8, DEX 8, CON 14, INT 16, WIS 10, CHA 17 with Gloves of Dexterity	Build Arcane Acuity with ranged flourishes or Arrows of Many Targets, then cast bonus-action control through Band of the Mystic Scoundrel	Exact class order after level 8 matters: Fighter first for proficiencies, then Wizard, then Bard	https://www.reddit.com/r/BG3Builds/comments/17y9kyp/the_control_martial_allpurpose_1011_swords_bard/
CL-102	Stars of the Circle Light Cleric	Honor-ready	Radiant damage, support, area control	Light Cleric 10 / Circle of Stars Druid 2	Levels 1-5 Light Cleric → levels 6-7 Circle of Stars Druid → levels 8-12 Light Cleric	STR 10, DEX 14, CON 14, INT 8, WIS 17, CHA 12	Spirit Guardians plus Radiating Orb and Reverberation gear is the core loop; after the level 6-7 Stars dip, Dragon form steadies concentration and Archer form adds bonus-action damage	The source levels Druid 1-4 first and fully respecs at level 11. This plan follows the source's own post-respec order from level 1 instead: Act 1 is pure Light Cleric and no respec is ever needed. Optional: swap War Caster for Spell Sniper (Eldritch Blast) as in the source.	https://eip.gg/bg3/builds/stars-of-the-circle-light-cleric/
MO-OH	Open Hand Monk	Honor-ready	Mobile single-target damage and control	Fighter 1 / Open Hand Monk 6 / Light Cleric 1 / Thief Rogue 4	Levels 1-5 Monk → level 6 Cleric → level 7 Monk → level 8 respec Fighter 1 / Monk 6 / Cleric 1 → levels 9-12 Rogue with listed respec	STR 10, DEX 16, CON 15, INT 8, WIS 16, CHA 8; rely on Hill Giant Strength elixirs	Tavern Brawler turns Strength into accuracy and damage; stun or topple bosses, then spend two bonus actions on Flurry attacks	Plan elixir supply before committing; the guide's multiclass respecs are deliberate for armour, shield, and bonus-action economy	https://tabletopbuilds.com/bg3-honor-build-the-way-of-the-open-hand-monk/
PA-FL	Flamadin	Honor-ready with party support	Flame Blade melee, smites, control	Circle of Spores Druid 3 / Oathbreaker Paladin 5 / Draconic Sorcerer 4	Levels 1-3 Druid → levels 4-8 Paladin → levels 9-12 Sorcerer; break Devotion oath in Act 2	STR 10, DEX 16, CON 14, INT 8, WIS 10, CHA 16	Cast Shillelagh on a torch, summon Flame Blade in the off-hand, then use Smites; later build Arcane Acuity before Hold Person or area control	The author explicitly assumes frequent boons or healing from the party. Oathbreaker is reached in Act 2, so remain Devotion through Act 1	https://eip.gg/bg3/builds/flamadin/
SO-111	11/1 Fire Sorlock	Honor-ready	High-damage fire caster and control	Red Draconic Sorcerer 11 / Fiend Warlock 1	Levels 1-6 Sorcerer → level 7 Warlock → levels 8-12 Sorcerer	STR 8, DEX 16, CON 14, INT 8, WIS 10, CHA 17	Use Scorching Ray to stack Fire Acuity, then Extended Command or Hold Monster; Twinned Haste only when concentration risk is controlled	Avoid Risky Ring because disadvantage on saving throws makes concentration less reliable	https://www.reddit.com/r/BG3Builds/comments/196mpii/honor_mode_111_fire_sorlock_complete_build_guide/
WI-BS	Bladesinger - Blade Savant	Honor-ready	Mobile melee wizard and full caster	Bladesinging Wizard 12	Levels 1-12: Wizard (Bladesinging at 2); no multiclass or respec	STR 8, DEX 16, CON 14, INT 17, WIS 10, CHA 8	Activate Bladesong before danger; use Shadow Blade from level 3 for melee pressure, or switch to control and elemental spells when safer	Shadow Blade requires concentration. Use Mage Armour with clothing, and do not let melee positioning expose the run's only full wizard	https://gamestegy.com/post/bg3/1589/bladesinging-build
FI-WEK	Warlock–Eldritch Knight	Honor-ready after respec	Melee control, Eldritch Blast, party face	Eldritch Knight Fighter 8 / Great Old One Warlock 4	Levels 1-5 Warlock bridge → level 6 respec Fighter 6 → levels 7-8 Fighter → levels 9-12 Warlock	STR 8, DEX 14, CON 16, INT 8, WIS 10, CHA 17	Pact-bind Phalar Aluve, use Shriek and Reverberation gear to prone/debuff, then combine Eldritch Blast or Booming Blade with War Magic and Sentinel	The source explicitly says the final engine is high-level. Pure Warlock through level 5 is the reviewed Act 1 bridge; level 6 is a deliberate respec into the source's final Fighter-first order	https://eip.gg/bg3/builds/warlock-eldritch-knight-build-honor-mode/
